click_rank,n,M_ICI,SD_ICI,Mdn_ICI,KW_H,KW_p,KW_sig,epsilon2
1→2,232,1222.313426724157,569.3811457781344,1071.08940000046,20.149101972227527,0.00015808311310599074,***,0.020210581260832434
2→3,231,1203.9632017315869,596.2259218596882,1043.5793999999987,20.149101972227527,0.00015808311310599074,***,0.020210581260832434
3→4,227,1305.78292202645,730.8527536260581,1101.4659999998457,20.149101972227527,0.00015808311310599074,***,0.020210581260832434
4→5,211,1433.907135545007,1045.174433739103,1170.14460000064,20.149101972227527,0.00015808311310599074,***,0.020210581260832434
