Group,DV,rho,p
Single,RT (ms),0.47503342043331875,3.700354880557454e-21
Single,Success Rate %,-0.18710435753417354,0.0004249784413529789
Single,Hit Rate %,-0.09801685159539078,0.0666222909177351
Single,False Alarms,0.18710435753417354,0.0004249784413529789
Multiple,RT (ms),0.12188039676975522,0.08962890493901673
Multiple,Success Rate %,-0.40661320103555065,3.6709555480320212e-09
Multiple,Hit Rate %,-0.4149198325792033,1.630859646965607e-09
Multiple,False Alarms,0.43779031524567114,1.5531185963782878e-10
