Group,split_half_r,spearman_brown_r,cronbach_alpha
Single,0.33593572433261215,0.5029219867601552,0.8259561599355402
Multiple,0.23902191343786222,0.3858235449196506,0.7695777961561996
