Group,n_participants,split_half_r,spearman_brown,cronbach_alpha
Single,21,0.33593572433261215,0.5029219867601552,0.7438703512002758
Multiple,16,0.23902191343786222,0.3858235449196506,0.6210968024015845
